player,position,team,birthday
Jonathan Taylor,RB,IND,1999-01-19
Christian McCaffrey,RB,CAR,1996-06-07
Cooper Kupp,WR,LAR,1993-06-15
Saquon Barkley,RB,NYG,1997-02-09
Justin Jefferson,WR,MIN,1999-06-16
Stefon Diggs,WR,BUF,1993-11-29
Ja'Marr Chase,WR,CIN,2000-03-01
Joe Mixon,RB,CIN,1996-07-24
Dalvin Cook,RB,MIN,1995-08-10
Davante Adams,WR,LV,1992-12-24
D'Andre Swift,RB,DET,1999-01-14
Amon-Ra St. Brown,WR,DET,1999-10-24
Aaron Jones,RB,GB,1994-12-02
Derrick Henry,RB,TEN,1994-01-04
A.J. Brown,WR,PHI,1997-06-30
Austin Ekeler,RB,LAC,1995-05-17
Mark Andrews,TE,BAL,1995-09-06
Leonard Fournette,RB,TB,1995-01-18
Nick Chubb,RB,CLE,1995-12-27
Travis Kelce,TE,KC,1989-10-05
Tyreek Hill,WR,MIA,1994-03-01
Michael Pittman Jr.,WR,IND,1997-10-05
Javonte Williams,RB,DEN,2000-04-25
Jaylen Waddle,WR,MIA,1998-11-25
Najee Harris,RB,PIT,1998-03-09
Deebo Samuel,WR,SF,1996-01-15
Alvin Kamara,RB,NO,1995-07-25
Mike Evans,WR,TB,1993-08-21
Courtland Sutton,WR,DEN,1995-10-10
Christian Kirk,WR,JAC,1996-11-18
Tee Higgins,WR,CIN,1999-01-18
Mike Williams,WR,LAC,1994-10-04
Josh Allen,QB,BUF,1996-05-21
James Conner,RB,ARI,1995-05-05
James Robinson,RB,JAC,1998-08-09
Kyle Pitts,TE,ATL,2000-10-06
Michael Thomas,WR,NO,1993-03-03
AJ Dillon,RB,GB,1998-05-02
Cordarrelle Patterson,RB,ATL,1991-03-17
Kareem Hunt,RB,CLE,1995-08-06
Gabe Davis,WR,BUF,1999-04-01
Darren Waller,TE,LV,1992-09-13
Clyde Edwards-Helaire,RB,KC,1999-04-11
Drake London,WR,ATL,2001-07-24
Rashod Bateman,WR,BAL,1999-11-29
CeeDee Lamb,WR,DAL,1999-04-08
Diontae Johnson,WR,PIT,1996-07-05
Miles Sanders,RB,PHI,1997-05-01
Keenan Allen,WR,LAC,1992-04-27
Marquise Brown,WR,ARI,1997-06-04
Terry McLaurin,WR,WAS,1995-09-15
Travis Etienne Jr.,RB,JAC,1999-01-26
Breece Hall,RB,NYJ,2001-05-31
Brandin Cooks,WR,HOU,1993-09-25
Rhamondre Stevenson,RB,NE,1998-02-23
George Kittle,TE,SF,1993-10-09
Devin Singletary,RB,BUF,1997-09-03
DJ Moore,WR,CAR,1997-04-14
Dallas Goedert,TE,PHI,1995-01-03
Lamar Jackson,QB,BAL,1997-01-07
Dameon Pierce,RB,HOU,2000-02-19
Josh Jacobs,RB,LV,1998-02-11
Jalen Hurts,QB,PHI,1998-08-07
Jeff Wilson Jr.,RB,SF,1995-11-16
David Montgomery,RB,CHI,1997-06-07
J.K. Dobbins,RB,BAL,1998-12-17
Ezekiel Elliott,RB,DAL,1995-07-22
Patrick Mahomes II,QB,KC,1995-09-17
Antonio Gibson,RB,WAS,1998-06-23
Garrett Wilson,WR,NYJ,2000-07-22
Chase Edmonds,RB,MIA,1996-04-13
Tony Pollard,RB,DAL,1997-04-30
Jerry Jeudy,WR,DEN,1999-04-24
DK Metcalf,WR,SEA,1997-12-14
JuJu Smith-Schuster,WR,KC,1996-11-22
Darrell Henderson Jr.,RB,LAR,1997-08-19
Cam Akers,RB,LAR,1999-06-22
Khalil Herbert,RB,CHI,1998-04-21
Rashaad Penny,RB,SEA,1996-02-02
Amari Cooper,WR,CLE,1994-06-17
Jamaal Williams,RB,DET,1995-04-03
DeVonta Smith,WR,PHI,1998-11-14
Dalton Schultz,TE,DAL,1996-07-11
Justin Herbert,QB,LAC,1998-03-10
Kyler Murray,QB,ARI,1997-08-07
Chris Godwin,WR,TB,1996-02-27
Michael Carter,RB,NYJ,1999-05-07
Damien Harris,RB,NE,1997-02-11
Zach Ertz,TE,ARI,1990-11-10
Joe Burrow,QB,CIN,1996-12-10
Elijah Moore,WR,NYJ,2000-03-27
Chris Olave,WR,NO,2000-06-27
Pat Freiermuth,TE,PIT,1998-10-25
Brandon Aiyuk,WR,SF,1998-03-17
Allen Lazard,WR,GB,1995-12-11
Allen Robinson II,WR,LAR,1993-08-24
Adam Thielen,WR,MIN,1990-08-22
Darnell Mooney,WR,CHI,1997-10-29
Melvin Gordon III,RB,DEN,1993-04-13
Tyler Lockett,WR,SEA,1992-09-28
Hunter Renfrow,WR,LV,1995-12-21
Alexander Mattison,RB,MIN,1998-06-19
Jahan Dotson,WR,WAS,2000-03-22
Kirk Cousins,QB,MIN,1988-08-19
Tom Brady,QB,TB,1977-08-03
Brian Robinson Jr.,RB,WAS,1999-03-22
T.J. Hockenson,TE,DET,1997-07-03
Derek Carr,QB,LV,1991-03-28
Tua Tagovailoa,QB,MIA,1998-03-02
Matthew Stafford,QB,LAR,1988-02-07
Trevor Lawrence,QB,JAC,1999-10-06
Treylon Burks,WR,TEN,2000-03-23
Raheem Mostert,RB,MIA,1992-04-09
DeAndre Hopkins,WR,ARI,1992-06-06
Nyheim Hines,RB,IND,1996-11-12
Russell Wilson,QB,DEN,1988-11-29
Aaron Rodgers,QB,GB,1983-12-02
Elijah Mitchell,RB,SF,1998-05-02
Curtis Samuel,WR,WAS,1996-08-11
Russell Gage,WR,TB,1996-01-22
Ken Walker III,RB,SEA,2000-10-20
David Njoku,TE,CLE,1996-07-10
Tyler Boyd,WR,CIN,1994-11-15
Jakobi Meyers,WR,NE,1996-11-09
Romeo Doubs,WR,GB,2000-04-13
George Pickens,WR,PIT,2001-03-04
Jarvis Landry,WR,NO,1992-11-28
Kenneth Gainwell,RB,PHI,1999-03-14
Julio Jones,WR,TB,1989-02-08
Isaiah McKenzie,WR,BUF,1995-04-09
Tyler Allgeier,RB,ATL,2000-04-15
Rachaad White,RB,TB,1999-01-12
Chase Claypool,WR,PIT,1998-07-07
Justin Fields,QB,CHI,1999-03-05
Tyler Higbee,TE,LAR,1993-01-01
James Cook,RB,BUF,1999-09-25
Robert Woods,WR,TEN,1992-04-10
Joshua Palmer,WR,LAC,1999-09-22
Jared Goff,QB,DET,1994-10-14
Dawson Knox,TE,BUF,1996-11-14
Kadarius Toney,WR,NYG,1999-01-27
Isiah Pacheco,RB,KC,2000-03-02
Eno Benjamin,RB,ARI,1999-04-13
Carson Wentz,QB,WAS,1992-12-30
Tyrion Davis-Price,RB,SF,2000-10-23
Jaylen Warren,RB,PIT,1998-11-01
Jameis Winston,QB,NO,1994-01-06
Marcus Mariota,QB,ATL,1993-10-30
Marquez Valdes-Scantling,WR,KC,1994-10-10
Jerick McKinnon,RB,KC,1992-05-03
J.D. McKissic,RB,WAS,1993-08-15
Gerald Everett,TE,LAC,1994-06-25
Rex Burkhead,RB,HOU,1990-07-02
DeVante Parker,WR,NE,1996-03-16
Skyy Moore,WR,KC,2000-09-10
Logan Thomas,TE,WAS,1991-07-01
Darrel Williams,RB,ARI,1995-04-15
Rondale Moore,WR,ARI,2000-06-09
Samaje Perine,RB,CIN,1995-09-16
Hayden Hurst,TE,CIN,1993-08-24
Daniel Jones,QB,NYG,1997-05-27
Dak Prescott,QB,DAL,1993-07-29
Michael Gallup,WR,DAL,1996-03-04
Zay Jones,WR,JAC,1995-03-30
Mark Ingram II,RB,NO,1989-12-21
Matt Ryan,QB,IND,1985-05-17
Irv Smith Jr.,TE,MIN,1998-08-09
Kenyan Drake,RB,BAL,1994-01-26
Sony Michel,RB,LAC,1995-02-17
Justin Tucker,K,BAL,1989-11-21
Ryan Tannehill,QB,TEN,1988-07-27
Tyler Conklin,TE,NYJ,1995-07-30
Nico Collins,WR,HOU,1999-03-19
Tyler Bass,K,BUF,1997-02-14
Ameer Abdullah,RB,LV,1993-06-13
Daniel Carlson,K,LV,1995-01-23
Mecole Hardman,WR,KC,1998-03-12
Matt Gay,K,LAR,1994-03-15
Evan McPherson,K,CIN,1999-07-21
Harrison Butker,K,KC,1995-07-14
Ryan Succop,K,TB,1986-09-19
Wan'Dale Robinson,WR,NYG,2001-01-05
Zack Moss,RB,BUF,1997-12-15
Christian Watson,WR,GB,1999-05-12
Mac Jones,QB,NE,1998-09-05
Zamir White,RB,LV,1999-09-18
K.J. Osborn,WR,MIN,1997-06-10
Robbie Anderson,WR,CAR,1993-05-09
Jameson Williams,WR,DET,2001-03-26
D.J. Chark Jr.,WR,DET,1996-09-23
Corey Davis,WR,NYJ,1995-01-11
Evan Engram,TE,JAC,1994-09-02
Matt Prater,K,ARI,1984-08-10
Davis Mills,QB,HOU,1998-10-21
Deshaun Watson,QB,CLE,1995-09-14
Dontrell Hilliard,RB,TEN,1995-02-26
Damien Williams,RB,ATL,1992-04-03
Isaiah Spiller,RB,LAC,2001-08-09
D'Ernest Johnson,RB,CLE,1996-02-27
Baker Mayfield,QB,CAR,1995-04-14
Chris Evans,RB,CIN,1997-10-05
Parris Campbell,WR,IND,1997-07-16
D'Onta Foreman,RB,CAR,1996-04-24
Albert Okwuegbunam,TE,DEN,1998-04-25
Cole Kmet,TE,CHI,1999-03-10
Boston Scott,RB,PHI,1995-04-27
Robert Tonyan,TE,GB,1994-04-30
Zach Wilson,QB,NYJ,1999-08-03
Trestan Ebner,RB,CHI,1999-01-02
Joshua Kelley,RB,LAC,1997-11-20
Jimmy Garoppolo,QB,SF,1991-11-02
Jake Elliott,K,PHI,1995-01-21
K.J. Hamler,WR,DEN,1999-07-08
Marvin Jones Jr.,WR,JAC,1990-03-12
Alec Pierce,WR,IND,2000-05-02
Gus Edwards,RB,BAL,1995-04-13
Wil Lutz,K,NO,1994-07-07
Jason Sanders,K,MIA,1995-11-16
Kyle Philips,WR,TEN,1999-06-17
Mike Davis,RB,BAL,1993-02-19
Donovan Peoples-Jones,WR,CLE,1999-02-19
Matt Breida,RB,NYG,1995-02-28
Robbie Gould,K,SF,1982-12-06
Geno Smith,QB,SEA,1990-10-10
Kenny Pickett,QB,PIT,1998-06-06
Younghoe Koo,K,ATL,1994-08-03
Hunter Henry,TE,NE,1994-12-07
Jacoby Brissett,QB,CLE,1992-12-11
Brandon McManus,K,DEN,1991-07-25
Jalen Tolbert,WR,DAL,1999-02-27
Craig Reynolds,RB,DET,1996-06-15
Sammy Watkins,WR,GB,1993-06-14
Jamison Crowder,WR,BUF,1993-06-17
Hassan Haskins,RB,TEN,1999-11-26
Mitch Trubisky,QB,PIT,1994-08-20
Randall Cobb,WR,GB,1990-08-22
Ty Montgomery,RB,NE,1993-01-22
David Bell,WR,CLE,2000-12-14
Jordan Mason,RB,SF,1999-05-24
A.J. Green,WR,ARI,1988-07-31
Rodrigo Blankenship,K,FA,1997-01-29
Mike Gesicki,TE,MIA,1995-10-03
Chuba Hubbard,RB,CAR,1999-06-11
Nick Westbrook-Ikhine,WR,TEN,1997-03-21
Dustin Hopkins,K,LAC,1990-10-01
Kendrick Bourne,WR,NE,1995-08-04
Nick Folk,K,NE,1984-11-05
Van Jefferson,WR,LAR,1996-07-26
Jerome Ford,RB,CLE,1999-09-12
Nelson Agholor,WR,NE,1993-05-24
Kenny Golladay,WR,NYG,1993-11-03
Greg Joseph,K,MIN,1994-08-04
Desmond Ridder,QB,ATL,1999-08-31
Noah Fant,TE,SEA,1997-11-20
Tyler Badie,RB,BAL,2000-02-07
Giovani Bernard,RB,TB,1991-11-22
Justice Hill,RB,BAL,1997-11-14
Ronald Jones II,RB,KC,1997-08-03
Mack Hollins,WR,LV,1993-09-16
Greg Zuerlein,K,NYJ,1987-12-27
Devin Duvernay,WR,BAL,1997-09-12
Ke'Shawn Vaughn,RB,TB,1997-05-04
Braxton Berrios,WR,NYJ,1995-10-06
Joe Flacco,QB,NYJ,1985-01-16
Josh Reynolds,WR,DET,1995-02-16
Chris Boswell,K,PIT,1991-03-16
Greg Dortch,WR,ARI,1998-05-29
Pierre Strong Jr.,RB,NE,1998-12-10
Juwan Johnson,TE,NO,1996-09-13
Brevin Jordan,TE,HOU,2000-07-16
Mason Crosby,K,GB,1984-09-03
Laviska Shenault Jr.,WR,CAR,1998-10-05
Mike Boone,RB,DEN,1995-07-30
Noah Brown,WR,DAL,1996-01-06
Austin Hooper,TE,TEN,1994-10-29
Terrace Marshall Jr.,WR,CAR,2000-06-09
Cedrick Wilson Jr.,WR,MIA,1995-11-20
Malik Willis,QB,TEN,1999-05-25
Trey Sermon,RB,PHI,1999-01-30
Byron Pringle,WR,CHI,1993-11-17
Jonnu Smith,TE,NE,1995-08-22
Snoop Conner,RB,JAC,2000-08-01
Odell Beckham Jr.,WR,FA,1992-11-05
Keaontay Ingram,RB,ARI,1999-10-26
Mo Alie-Cox,TE,IND,1993-09-19
Myles Gaskin,RB,MIA,1997-02-15
Equanimeous St. Brown,WR,CHI,1996-09-30
Marquez Callaway,WR,NO,1998-03-27
Daniel Bellinger,TE,NYG,2000-09-22
Drew Lock,QB,SEA,1996-11-10
Cameron Brate,TE,TB,1991-07-03
Graham Gano,K,NYG,1987-04-09
Kyren Williams,RB,LAR,2000-08-26
Justin Jackson,RB,DET,1996-04-22
Kene Nwangwu,RB,MIN,1998-02-09
Isaiah Likely,TE,BAL,2000-04-18
Trey McBride,TE,ARI,1999-11-22
Ty Johnson,RB,NYJ,1997-09-17
Bryan Edwards,WR,ATL,1998-11-13
Julius Chestnut,RB,TEN,2000-10-26
DeeJay Dallas,RB,SEA,1998-09-16
Danny Gray,WR,SF,1999-04-01
Rico Dowdle,RB,DAL,1998-06-14
Jason Myers,K,SEA,1991-05-12
Harrison Bryant,TE,CLE,1998-04-23
Deonte Harty,WR,NO,1997-12-04
Taysom Hill,TE,NO,1990-08-23
Kyle Rudolph,TE,TB,1989-11-09
Ty Chandler,RB,MIN,1998-05-12
Austin Seibert,K,DET,1996-11-15
Calvin Austin III,WR,PIT,1999-03-24
Velus Jones Jr.,WR,CHI,1997-05-11
Gardner Minshew II,QB,PHI,1996-05-16
Teddy Bridgewater,QB,MIA,1992-11-10
James Proche II,WR,BAL,1996-09-21
Justin Watson,WR,KC,1996-04-04
Darrynton Evans,RB,CHI,1998-07-09
Greg Dulcich,TE,DEN,2000-03-26
Benny Snell Jr.,RB,PIT,1998-02-26
Foster Moreau,TE,LV,1997-05-06
Quez Watkins,WR,PHI,1998-06-09
Brett Maher,K,DAL,1989-11-21
Jauan Jennings,WR,SF,1997-07-10
Ka'imi Fairbairn,K,HOU,1994-01-29
Ben Skowronek,WR,LAR,1997-06-27
C.J. Uzomah,TE,NYJ,1993-01-14
Travis Homer,RB,SEA,1998-08-07
William Fuller V,WR,FA,1994-04-16
Tyquan Thornton,WR,NE,2000-08-07
Cairo Santos,K,CHI,1991-11-12
Kylen Granson,TE,IND,1998-03-27
Andy Dalton,QB,NO,1987-10-29
Tyrod Taylor,QB,NYG,1989-08-03
Duke Johnson Jr.,RB,BUF,1993-09-23
Tommy Tremble,TE,CAR,2000-06-02
Jelani Woods,TE,IND,1998-10-09
Riley Patterson,K,JAC,1999-09-07
Salvon Ahmed,RB,MIA,1998-12-30
Sam Darnold,QB,CAR,1997-06-05
Dan Arnold,TE,JAC,1995-03-15
Sam Howell,QB,WAS,2000-09-16
Randy Bullock,K,TEN,1989-12-16
Kevin Harris,RB,NE,2000-11-17
Amari Rodgers,WR,GB,1999-09-23
Jerrion Ealy,RB,KC,2000-08-19
Marlon Mack,RB,SF,1996-03-07
Tutu Atwell,WR,LAR,1999-10-07
Brian Hoyer,QB,NE,1985-10-13
Tyler Huntley,QB,BAL,1998-02-03
Jake Ferguson,TE,DAL,1999-01-18
Khalil Shakir,WR,BUF,2000-02-03
Chase McLaughlin,K,IND,1996-04-09
Deon Jackson,RB,IND,1999-02-18
Eddy Pineiro,K,CAR,1995-09-13
Kalif Raymond,WR,DET,1994-08-08
Phillip Lindsay,RB,IND,1994-07-24
Tre'Quan Smith,WR,NO,1996-01-07
Will Dissly,TE,SEA,1996-07-08
Colby Parkinson,TE,SEA,1999-01-08
Jalen Reagor,WR,MIN,1999-01-02
Jaret Patterson,RB,WAS,1999-12-23
D'Vonte Price,RB,IND,1999-06-02
Zach Pascal,WR,PHI,1994-12-18
Donald Parham Jr.,TE,LAC,1997-08-16
Kennedy Brooks,RB,PHI,1998-10-08
Josiah Deguara,TE,GB,1997-02-14
Brandon Bolden,RB,LV,1990-01-26
Zonovan Knight,RB,NYJ,2001-04-11
Adam Trautman,TE,NO,1997-02-05
Darius Slayton,WR,NYG,1997-01-12
Pharaoh Brown,TE,HOU,1994-05-04
Olamide Zaccheaus,WR,ATL,1997-07-23
Case Keenum,QB,BUF,1988-02-17
Taylor Heinicke,QB,WAS,1993-03-15
Cade Otton,TE,TB,1999-04-15
Jordan Love,QB,GB,1998-11-02
Anthony McFarland Jr.,RB,PIT,1998-03-04
Cole Beasley,WR,TB,1989-04-26
John Bates,TE,WAS,1997-11-06
O.J. Howard,TE,HOU,1994-11-19
Ihmir Smith-Marsette,WR,CHI,1999-08-29
Antonio Brown,WR,FA,1988-07-10
Chris Conley,WR,HOU,1992-10-25
Samori Toure,WR,GB,1998-03-24
Trent Sherfield,WR,MIA,1996-02-25
Seth Williams,WR,JAC,2000-04-10
Durham Smythe,TE,MIA,1995-08-09
Dee Eskridge,WR,SEA,1997-03-23
Jamal Agnew,WR,JAC,1995-04-03
Travis Fulgham,WR,GB,1995-09-13
James Washington,WR,DAL,1996-04-02
Quintez Cephus,WR,DET,1998-04-01
Demarcus Robinson,WR,BAL,1994-09-21
KhaDarel Hodge,WR,ATL,1995-01-03
Trey Lance,QB,SF,2000-05-09
Calvin Ridley,WR,ATL,1994-12-20
Tim Patrick,WR,DEN,1993-11-23
Sterling Shepard,WR,NYG,1993-02-10
Dyami Brown,WR,WAS,1999-11-01
John Metchie III,WR,HOU,2000-07-18
Kylin Hill,RB,GB,1998-08-18
Jeremy Ruckert,TE,NYJ,2000-08-11
Anthony Schwartz,WR,CLE,2000-09-05
Michael Badgley,K,FA,1995-07-28
Hunter Long,TE,MIA,1998-08-19
Denzel Mims,WR,NYJ,1997-10-10
Charlie Kolar,TE,BAL,1999-02-10
Erik Ezukanma,WR,MIA,2000-01-25
Justyn Ross,WR,KC,1999-12-15
Jermar Jefferson,RB,DET,2000-04-15
Tyler Johnson,WR,HOU,1998-08-25
Tylan Wallace,WR,BAL,1999-05-13
N'Keal Harry,WR,CHI,1997-12-17
Matt Corral,QB,CAR,1999-01-31
Larry Rountree III,RB,LAC,1999-02-13
Jalen Guyton,WR,LAC,1997-06-07
Dan Bailey,K,FA,1988-01-26
Stephen Gostkowski,K,FA,1984-01-28
Bo Melton,WR,SEA,1999-05-18
Ashton Dulin,WR,IND,1997-05-15
Jacob Harris,TE,LAR,1997-04-16
Noah Gray,TE,KC,1999-04-30
Tre' McKitty,TE,LAC,1999-01-12
Abram Smith,RB,FA,1998-09-14
Jalen Wydermyer,TE,FA,2000-12-20
JaMycal Hasty,RB,JAC,1996-09-12
Tevin Coleman,RB,SF,1993-04-16
Derrick Gore,RB,FA,1994-12-13
Laquon Treadwell,WR,NE,1995-06-14
Chigoziem Okonkwo,TE,TEN,1999-09-08
Tyler Goodson,RB,GB,2000-11-10
Auden Tate,WR,PHI,1997-02-03
Jared Cook,TE,FA,1987-04-07
Ricky Seals-Jones,TE,FA,1995-03-15
Ty'Son Williams,RB,FA,1996-09-04
Devontae Booker,RB,FA,1992-05-27
Scotty Miller,WR,TB,1997-07-31
Latavius Murray,RB,NO,1990-01-18
Antoine Wesley,WR,ARI,1997-10-22
Tony Jones Jr.,RB,NO,1997-11-24
Ian Thomas,TE,CAR,1996-06-06
Tarik Cohen,RB,FA,1995-07-26
Rashard Higgins,WR,CAR,1994-10-07
Cole Turner,TE,WAS,2000-03-16
Jaelon Darden,WR,TB,1999-01-14
T.Y. Hilton,WR,FA,1989-11-14
Dare Ogunbowale,RB,HOU,1994-05-04
Lynn Bowden Jr.,WR,NE,1997-10-14
Jalen Nailor,WR,MIN,1999-03-02
Anthony Firkser,TE,ATL,1995-02-19
Royce Freeman,RB,HOU,1996-02-24
Michael Woods II,WR,FA,2000-03-19
Preston Williams,WR,CAR,1997-03-27
Grant Calcaterra,TE,PHI,1998-12-04
Breshad Perriman,WR,TB,1993-09-10
Demetric Felton Jr.,RB,CLE,1998-07-16
Dontario Drummond,WR,DAL,1997-08-22
Shi Smith,WR,CAR,1998-10-26
Kenny Yeboah,TE,NYJ,1998-10-30
Dez Fitzpatrick,WR,TEN,1997-12-17
Sincere McCormick,RB,LV,2000-09-10
Keelan Cole Sr.,WR,LV,1993-04-20
David Johnson,RB,FA,1991-12-16
Marquez Stevenson,WR,BUF,1998-03-26
Jace Sternberger,TE,FA,1996-06-26
Anthony Miller,WR,PIT,1994-10-09
J.J. Taylor,RB,NE,1998-01-04
Matthew Wright,K,KC,1996-03-22
Eric Ebron,TE,FA,1993-04-10
Wayne Gallman Jr.,RB,FA,1994-10-01
Tyree Jackson,TE,PHI,1997-11-07
Chris Herndon IV,TE,FA,1996-02-23
Zane Gonzalez,K,CAR,1995-05-07
Mike Strachan,WR,IND,1997-08-13
Devin Asiasi,TE,CIN,1997-08-14
Maxx Williams,TE,ARI,1994-04-12
Andy Isabella,WR,ARI,1996-11-18
Steven Sims Jr.,WR,PIT,1997-03-31
Josh Oliver,TE,BAL,1997-03-21
La'Mical Perine,RB,FA,1998-01-30
Collin Johnson,WR,NYG,1997-09-23
Simi Fehoko,WR,DAL,1997-11-05
Jeremy McNichols,RB,PIT,1995-12-26
Alex Collins,RB,FA,1994-08-26
Tyron Johnson,WR,LV,1996-01-08
Cornell Powell,WR,KC,1997-10-30
J.J. Arcega-Whiteside,WR,SEA,1996-12-31
Jordan Akins,TE,HOU,1992-04-19
Makai Polk,WR,FA,2001-08-04
Malcolm Brown,RB,LAR,1993-05-15
Jalen Camp,WR,HOU,1998-07-10
Braylon Sanders,WR,MIA,1999-01-21
Javian Hawkins,RB,TEN,1999-11-03
Blake Jarwin,TE,FA,1994-07-16
Mataeo Durant,RB,FA,1999-12-04
Kevin Austin Jr.,WR,JAC,2000-03-30
Brycen Hopkins,TE,LAR,1997-03-27
Geoff Swaim,TE,TEN,1993-09-16
Drew Sample,TE,CIN,1996-04-16
Jason Huntley,RB,PIT,1998-04-20
Kahale Warring,TE,FA,1997-03-23
Freddie Swain,WR,MIA,1998-08-04
Keke Coutee,WR,IND,1997-01-14
Qadree Ollison,RB,DAL,1996-09-08
Jake Funk,RB,LAR,1998-01-11
Darwin Thompson,RB,SEA,1997-02-12
Ryan Griffin,TE,CHI,1990-01-11
Sammis Reyes,TE,FA,1995-10-19
Damiere Byrd,WR,ATL,1993-01-27
Bisi Johnson,WR,MIN,1997-03-17
Jacob Hollister,TE,MIN,1993-11-18
Miles Boykin,WR,PIT,1996-10-12
Charlie Woerner,TE,SF,1997-10-16
